0;0;Sep 19;Oct 19;Nov 19;Dec 19;Jan 20;Feb 20;Mar 20;Apr 20;May 20;Jun 20;Jul 20;Aug 20;Sep 20;Oct 20;Nov 20;Dec 20;Jan 21;Feb 21;Mar 21;Apr 21;May 21;Jun 21;Jul 21;Aug 21;Sep 21;Oct 21;Nov 21;Dec 21;Jan 22;Feb 22;Mar 22;Apr 22;May 22;Jun 22;Jul 22;Aug 22;Sep 22;Oct 22;Nov 22;Dec 22;Jan 23;Feb 23;0
0.1 Project1;A PM;0;0;0;0;0;0;0;0;0;0;0;0;0;0;0;0;0;0;0;0;0;0;0;0;0;0;0;0;0;0;0;0;0;0;0;0;0;0;0;0;0;0;A PM
0.1 Project1;Person01;0,05;0,05;0,05;0,05;0,05;0,05;0,05;0,05;0,05;0,05;0,05;0,05;0,05;0,05;0,05;0,05;0,05;0,05;0,05;0,05;0,05;0,05;0,05;0,05;0,05;0,05;0,05;0,05;0,05;0,05;0,05;0,05;0,05;0,05;0,05;0,05;0,05;0,05;0,05;0,05;0,05;0,05;2
0.1 Project1;Person02;0;0;0;0;0;0;0;0;0;0;0;0;0;0;0;0;0;0;0;0;0;0;0;0;0;0;0;0;0;0;0;0;0;0;0;0;0;0;0;0;0;0;0
0.1 Project1;Person03;0;0;0;0;0;0;0;0;0;0;0;0;0;0;0;0;0;0;0;0;0;0;0;0;0;0;0;0;0;0;0;0;0;0;0;0;0;0;0;0;0;0;0
0.1 Project1;Person04;0,03;0,03;0,03;0,03;0,03;0,03;0,03;0,03;0,03;0,03;0,03;0,03;0,03;0,03;0,03;0,03;0,03;0,03;0,03;0,03;0,03;0,03;0,03;0,03;0,03;0,03;0,03;0,03;0,03;0,03;0,03;0,03;0,03;0,03;0,03;0,03;0;0;0;0;0;0;1
0.1 Project1;Person05;0;0;0;0,03;0,03;0,03;0,03;0,03;0,03;0,03;0,03;0,03;0,03;0,03;0,03;0,03;0,03;0,03;0,03;0,03;0,03;0,03;0,03;0,03;0,03;0,03;0,03;0,03;0,03;0,03;0,03;0,03;0,03;0,03;0,03;0,03;0,03;0,03;0,03;0;0;0;1
0.1 Project1;Person06;0;0;0;0;0;0;0;0;0;0;0;0;0;0;0;0;0;0;0;0;0;0;0;0;0;0;0;0;0;0;0;0;0;0;0;0;0;0;0;0;0;0;0
0.1 Project1;Person07;0;0;0;0;0;0;0;0;0;0;0;0;0;0;0;0;0;0;0;0;0;0;0;0;0;0;0;0;0;0;0;0;0;0;0;0;0;0;0;0;0;0;0
0.1 Project1;Person08;0,05;0,05;0,05;0,05;0,05;0,05;0,05;0,05;0,05;0,05;0,05;0,05;0,05;0,05;0,05;0,05;0,05;0,05;0,05;0,05;0,05;0,05;0,05;0,05;0,05;0,05;0,05;0,05;0,05;0,05;0,05;0,05;0,05;0,05;0,05;0,05;0,05;0,05;0,05;0,05;0,05;0,05;2
0.1 Project1;Person09;0;0;0;0;0;0;0;0;0;0;0;0;0;0;0;0;0;0;0;0;0;0;0;0;0;0;0;0;0;0;0;0;0;0;0;0;0;0;0;0;0;0;0
0.1 Project1;Person10;0;0;0;0;0;0;0;0;0;0;0;0;0;0;0;0;0;0;0;0;0;0;0;0;0;0;0;0;0;0;0;0;0;0;0;0;0;0;0;0;0;0;0
0.2 Project2;A PM;0;0;0;0;0;0;0;0;0;0;0;0;0;0;0;0;0;0;0;0;0;0;0;0;0;0;0;0;0;0;0;0;0;0;0;0;0;0;0;0;0;0;A PM
0.2 Project2;Person01;0,24;0,24;0,24;0;0,24;0,24;0,24;0;0;0;0;0;0,24;0,24;0,24;0;0,24;0,24;0,24;0,24;0,24;0,24;0;0;0;0;0;0;0,24;0,24;0,24;0;0;0;0;0;0,24;0,24;0,24;0;0;0;5
0.2 Project2;Person02;0;0;0;0;0;0;0;0;0;0;0;0;0;0;0;0;0;0;0;0;0;0;0;0;0;0;0;0;0;0;0;0;0;0;0;0;0;0;0;0;0;0;0
0.2 Project2;Person03;0;0;0;0;0;0;0;0;0;0;0;0;0;0;0;0;0;0;0;0;0;0;0;0;0;0;0;0;0;0;0;0;0;0;0;0;0;0;0;0;0;0;0
0.2 Project2;Person04;0,06;0,06;0,06;0;0,06;0,06;0,06;0;0;0;0;0;0,06;0,06;0,06;0;0,06;0,06;0,06;0,06;0,06;0,06;0;0;0;0;0;0;0,06;0,06;0,06;0;0;0;0;0;0;0;0;0;0;0;1
0.2 Project2;Person05;0;0;0;0;0,17;0,17;0,17;0;0;0;0;0;0,17;0,17;0,17;0;0,17;0,17;0,17;0,17;0,17;0,17;0;0;0;0;0;0;0,17;0,17;0,17;0;0;0;0;0;0,17;0,17;0,17;0;0;0;3
0.2 Project2;Person06;0;0;0;0;0;0;0;0;0;0;0;0;0;0;0;0;0;0;0;0;0;0;0;0;0;0;0;0;0;0;0;0;0;0;0;0;0;0;0;0;0;0;0
0.2 Project2;Person07;0;0;0;0;0;0;0;0;0;0;0;0;0;0;0;0;0;0;0;0;0;0;0;0;0;0;0;0;0;0;0;0;0;0;0;0;0;0;0;0;0;0;0
0.2 Project2;Person08;0,24;0,24;0,24;0;0,24;0,24;0,24;0;0;0;0;0;0,24;0,24;0,24;0;0,24;0,24;0,24;0,24;0,24;0,24;0;0;0;0;0;0;0,24;0,24;0,24;0;0;0;0;0;0,24;0,24;0,24;0;0;0;5
0.2 Project2;Person09;0;0;0;0;0;0;0;0;0;0;0;0;0;0;0;0;0;0;0;0;0;0;0;0;0;0;0;0;0;0;0;0;0;0;0;0;0;0;0;0;0;0;0
0.2 Project2;Person10;0;0;0;0;0;0;0;0;0;0;0;0;0;0;0;0;0;0;0;0;0;0;0;0;0;0;0;0;0;0;0;0;0;0;0;0;0;0;0;0;0;0;0
0.3 Project3;A PM;0;0;0;0;0;0;0;0;0;0;0;0;0;0;0;0;0;0;0;0;0;0;0;0;0;0;0;0;0;0;0;0;0;0;0;0;0;0;0;0;0;0;A PM
0.3 Project3;Person01;0,02;0,02;0,02;0,02;0,02;0,02;0,02;0,02;0,02;0,02;0,02;0,02;0,02;0,02;0,02;0,02;0,02;0,02;0,02;0,02;0,02;0,02;0,02;0,02;0,02;0,02;0,02;0,02;0,02;0,02;0,02;0,02;0,02;0,02;0,02;0,02;0,02;0,02;0,02;0,02;0,02;0,02;1
0.3 Project3;Person02;0;0;0;0;0;0;0;0;0;0;0;0;0;0;0;0;0;0;0;0;0;0;0;0;0;0;0;0;0;0;0;0;0;0;0;0;0;0;0;0;0;0;0
0.3 Project3;Person03;0;0;0;0;0;0;0;0;0;0;0;0;0;0;0;0;0;0;0;0;0;0;0;0;0;0;0;0;0;0;0;0;0;0;0;0;0;0;0;0;0;0;0
0.3 Project3;Person04;0,03;0,03;0,03;0,03;0,03;0,03;0,03;0,03;0,03;0,03;0,03;0,03;0,03;0,03;0,03;0,03;0,03;0,03;0,03;0,03;0,03;0,03;0,03;0,03;0,03;0,03;0,03;0,03;0,03;0,03;0,03;0,03;0,03;0,03;0,03;0,03;0;0;0;0;0;0;1
0.3 Project3;Person05;0;0;0;0,11;0,11;0,11;0,11;0,11;0,11;0,11;0,11;0,11;0,11;0,11;0,11;0,11;0,11;0,11;0,11;0,11;0,11;0,11;0,11;0,11;0,11;0,11;0,11;0,11;0,11;0,11;0,11;0,11;0,11;0,11;0,11;0,11;0,11;0,11;0,11;0;0;0;4
0.3 Project3;Person06;0;0;0;0;0;0;0;0;0;0;0;0;0;0;0;0;0;0;0;0;0;0;0;0;0;0;0;0;0;0;0;0;0;0;0;0;0;0;0;0;0;0;0
0.3 Project3;Person07;0;0;0;0;0;0;0;0;0;0;0;0;0;0;0;0;0;0;0;0;0;0;0;0;0;0;0;0;0;0;0;0;0;0;0;0;0;0;0;0;0;0;0
0.3 Project3;Person08;0,02;0,02;0,02;0,02;0,02;0,02;0,02;0,02;0,02;0,02;0,02;0,02;0,02;0,02;0,02;0,02;0,02;0,02;0,02;0,02;0,02;0,02;0,02;0,02;0,02;0,02;0,02;0,02;0,02;0,02;0,02;0,02;0,02;0,02;0,02;0,02;0,02;0,02;0,02;0,02;0,02;0,02;1
0.3 Project3;Person09;0,02;0,02;0,02;0,02;0,02;0,02;0,02;0,02;0,02;0,02;0,02;0,02;0,02;0,02;0,02;0,02;0,02;0,02;0,02;0,02;0,02;0,02;0,02;0,02;0,02;0,02;0,02;0,02;0,02;0,02;0,02;0,02;0,02;0,02;0,02;0,02;0,02;0,02;0,02;0,02;0,02;0,02;1
0.3 Project3;Person10;0;0;0;0;0;0;0;0;0;0;0;0;0;0;0;0;0;0;0;0;0;0;0;0;0;0;0;0;0;0;0;0;0;0;0;0;0;0;0;0;0;0;0
1.1 Project4;A PM;0;0;0;0;0;0;0;0;0;0;0;0;0;0;0;0;0;0;0;0;0;0;0;0;0;0;0;0;0;0;0;0;0;0;0;0;0;0;0;0;0;0;A PM
1.1 Project4;Person01;0;0,11;0,11;0,11;0,11;0,11;0,11;0;0;0;0;0;0;0;0;0;0;0;0;0;0;0;0;0;0,11;0,11;0,11;0,11;0,11;0,11;0,11;0,11;0,11;0,11;0,11;0,11;0;0;0;0;0;0;2
1.1 Project4;Person02;0;0;0;0;0;0;0;0;0;0;0;0;0;0;0;0;0;0;0;0;0;0;0;0;0;0;0;0;0;0;0;0;0;0;0;0;0;0;0;0;0;0;0
1.1 Project4;Person03;0;0;0;0,19;0,19;0,19;0,19;0;0;0;0;0;0;0;0;0;0;0;0;0;0;0;0;0;0,19;0,19;0,19;0,19;0,19;0,19;0,19;0,19;0,19;0,19;0,19;0,19;0;0;0;0;0;0;3
1.1 Project4;Person04;0;0,06;0,06;0,06;0,06;0,06;0,06;0;0;0;0;0;0;0;0;0;0;0;0;0;0;0;0;0;0,06;0,06;0,06;0,06;0,06;0,06;0,06;0,06;0,06;0,06;0,06;0,06;0;0;0;0;0;0;1
1.1 Project4;Person05;0;0;0;0;0;0;0;0;0;0;0;0;0;0;0;0;0;0;0;0;0;0;0;0;0;0;0;0;0;0;0;0;0;0;0;0;0;0;0;0;0;0;0
1.1 Project4;Person06;0;0;0;0;0;0;0;0;0;0;0;0;0;0;0;0;0;0;0;0;0;0;0;0;0;0;0;0;0;0;0;0;0;0;0;0;0;0;0;0;0;0;0
1.1 Project4;Person07;0;0;0;0;0;0;0;0;0;0;0;0;0;0;0;0;0;0;0;0;0;0;0;0;0;0;0;0;0;0;0;0;0;0;0;0;0;0;0;0;0;0;0
1.1 Project4;Person08;0;0;0;0;0;0;0;0;0;0;0;0;0;0;0;0;0;0;0;0;0;0;0;0;0;0;0;0;0;0;0;0;0;0;0;0;0;0;0;0;0;0;0
1.1 Project4;Person09;0;0,06;0,06;0,06;0,06;0,06;0,06;0;0;0;0;0;0;0;0;0;0;0;0;0;0;0;0;0;0,06;0,06;0,06;0,06;0,06;0,06;0,06;0,06;0,06;0,06;0,06;0,06;0;0;0;0;0;0;1
1.1 Project4;Person10;0;0;0;0;0;0;0;0;0;0;0;0;0;0;0;0;0;0;0;0;0;0;0;0;0;0;0;0;0;0;0;0;0;0;0;0;0;0;0;0;0;0;0
1.2 Project5;A PM;0;0;0;0;0;0;0;0;0;0;0;0;0;0;0;0;0;0;0;0;0;0;0;0;0;0;0;0;0;0;0;0;0;0;0;0;0;0;0;0;0;0;A PM
1.2 Project5;Person01;0;0;0;0;0;0;0;0;0;0;0;0;0;0;0;0;0;0;0;0;0;0;0;0;0;0;0;0;0;0;0;0;0;0;0;0;0;0;0;0;0;0;0
1.2 Project5;Person02;0;0;0;0;0;0;0;0;0;0;0;0;0;0;0;0;0;0;0;0;0;0;0;0;0;0;0;0;0;0;0;0;0;0;0;0;0;0;0;0;0;0;0
1.2 Project5;Person03;0;0;0;0;0;0;0,17;0,17;0,17;0,17;0,17;0,17;0,17;0,17;0,17;0,17;0,17;0,17;0,17;0,17;0,17;0,17;0,17;0,17;0;0;0;0;0;0;0;0;0;0;0;0;0;0;0;0;0;0;3
1.2 Project5;Person04;0;0;0;0;0;0;0,06;0,06;0,06;0,06;0,06;0,06;0,06;0,06;0,06;0,06;0,06;0,06;0,06;0,06;0,06;0,06;0,06;0,06;0;0;0;0;0;0;0;0;0;0;0;0;0;0;0;0;0;0;1
1.2 Project5;Person05;0;0;0;0;0;0;0,08;0,08;0,08;0,08;0,08;0,08;0,08;0,08;0,08;0,08;0,08;0,08;0,08;0,08;0,08;0,08;0,08;0,08;0;0;0;0;0;0;0;0;0;0;0;0;0;0;0;0;0;0;1,5
1.2 Project5;Person06;0;0;0;0;0;0;0;0;0;0;0;0;0;0;0;0;0;0;0;0;0;0;0;0;0;0;0;0;0;0;0;0;0;0;0;0;0;0;0;0;0;0;0
1.2 Project5;Person07;0;0;0;0;0;0;0;0;0;0;0;0;0;0;0;0;0;0;0;0;0;0;0;0;0;0;0;0;0;0;0;0;0;0;0;0;0;0;0;0;0;0;0
1.2 Project5;Person08;0;0;0;0;0;0;0;0;0;0;0;0;0;0;0;0;0;0;0;0;0;0;0;0;0;0;0;0;0;0;0;0;0;0;0;0;0;0;0;0;0;0;0
1.2 Project5;Person09;0;0;0;0;0;0;0,06;0,06;0,06;0,06;0,06;0,06;0,06;0,06;0,06;0,06;0,06;0,06;0,06;0,06;0,06;0,06;0,06;0,06;0;0;0;0;0;0;0;0;0;0;0;0;0;0;0;0;0;0;1
1.2 Project5;Person10;0;0;0;0;0;0;0;0;0;0;0;0;0;0;0;0;0;0;0;0;0;0;0;0;0;0;0;0;0;0;0;0;0;0;0;0;0;0;0;0;0;0;0
1.3 Project6;A PM;0;0;0;0;0;0;0;0;0;0;0;0;0;0;0;0;0;0;0;0;0;0;0;0;0;0;0;0;0;0;0;0;0;0;0;0;0;0;0;0;0;0;A PM
1.3 Project6;Person01;0;0;0;0;0;0;0;0;0;0;0;0;0;0;0;0;0;0;0;0;0;0;0;0;0;0;0;0;0;0;0;0;0;0;0;0;0;0;0;0;0;0;0
1.3 Project6;Person02;0;0;0;0;0;0;0,17;0,17;0,17;0,17;0,17;0,17;0,17;0,17;0,17;0,17;0,17;0,17;0,17;0,17;0,17;0,17;0,17;0,17;0;0;0;0;0;0;0;0;0;0;0;0;0;0;0;0;0;0;3
1.3 Project6;Person03;0;0;0;0;0;0;0;0;0;0;0;0;0;0;0;0;0;0;0;0;0;0;0;0;0;0;0;0;0;0;0;0;0;0;0;0;0;0;0;0;0;0;0
1.3 Project6;Person04;0;0;0;0;0;0;0,06;0,06;0,06;0,06;0,06;0,06;0,06;0,06;0,06;0,06;0,06;0,06;0,06;0,06;0,06;0,06;0,06;0,06;0;0;0;0;0;0;0;0;0;0;0;0;0;0;0;0;0;0;1
1.3 Project6;Person05;0;0;0;0;0;0;0;0;0;0;0;0;0;0;0;0;0;0;0;0;0;0;0;0;0;0;0;0;0;0;0;0;0;0;0;0;0;0;0;0;0;0;0
1.3 Project6;Person06;0;0;0;0;0;0;0;0;0;0;0;0;0;0;0;0;0;0;0;0;0;0;0;0;0;0;0;0;0;0;0;0;0;0;0;0;0;0;0;0;0;0;0
1.3 Project6;Person07;0;0;0;0;0;0;0;0;0;0;0;0;0;0;0;0;0;0;0;0;0;0;0;0;0;0;0;0;0;0;0;0;0;0;0;0;0;0;0;0;0;0;0
1.3 Project6;Person08;0;0;0;0;0;0;0;0;0;0;0;0;0;0;0;0;0;0;0;0;0;0;0;0;0;0;0;0;0;0;0;0;0;0;0;0;0;0;0;0;0;0;0
1.3 Project6;Person09;0;0;0;0;0;0;0,06;0,06;0,06;0,06;0,06;0,06;0,06;0,06;0,06;0,06;0,06;0,06;0,06;0,06;0,06;0,06;0,06;0,06;0;0;0;0;0;0;0;0;0;0;0;0;0;0;0;0;0;0;1
1.3 Project6;Person10;0;0;0;0;0;0;0;0;0;0;0;0;0;0;0;0;0;0;0;0;0;0;0;0;0;0;0;0;0;0;0;0;0;0;0;0;0;0;0;0;0;0;0
1.4 Project7;A PM;0;0;0;0;0;0;0;0;0;0;0;0;0;0;0;0;0;0;0;0;0;0;0;0;0;0;0;0;0;0;0;0;0;0;0;0;0;0;0;0;0;0;A PM
1.4 Project7;Person01;0;0;0;0;0;0;0;0;0;0;0;0;0;0;0;0;0;0;0;0;0;0;0;0;0;0;0;0;0;0;0;0;0;0;0;0;0;0;0;0;0;0;0
1.4 Project7;Person02;0;0;0;0;0;0;0;0;0;0;0;0;0;0;0;0;0;0;0;0;0;0;0;0;0;0;0;0;0;0;0;0;0;0;0;0;0;0;0;0;0;0;0
1.4 Project7;Person03;0;0;0;0;0;0;0;0;0;0;0;0;0;0;0;0;0;0;0;0;0;0;0;0;0;0;0;0;0;0;0;0;0;0;0;0;0;0;0;0;0;0;0
1.4 Project7;Person04;0;0;0;0;0;0;0;0;0;0;0;0;0;0;0;0;0;0;0,06;0,06;0,06;0,06;0,06;0,06;0,06;0,06;0,06;0,06;0,06;0,06;0,06;0,06;0,06;0,06;0,06;0,06;0;0;0;0;0;0;1
1.4 Project7;Person05;0;0;0;0;0;0;0;0;0;0;0;0;0;0;0;0;0;0;0,08;0,08;0,08;0,08;0,08;0,08;0,08;0,08;0,08;0,08;0,08;0,08;0,08;0,08;0,08;0,08;0,08;0,08;0;0;0;0;0;0;1,5
1.4 Project7;Person06;0;0;0;0;0;0;0;0;0;0;0;0;0;0;0;0;0;0;0;0;0;0;0;0;0;0;0;0;0;0;0;0;0;0;0;0;0;0;0;0;0;0;0
1.4 Project7;Person07;0;0;0;0;0;0;0;0;0;0;0;0;0;0;0;0;0;0;0;0;0;0;0;0;0;0;0;0;0;0;0;0;0;0;0;0;0;0;0;0;0;0;0
1.4 Project7;Person08;0;0;0;0;0;0;0;0;0;0;0;0;0;0;0;0;0;0;0;0;0;0;0;0;0;0;0;0;0;0;0;0;0;0;0;0;0;0;0;0;0;0;0
1.4 Project7;Person09;0;0;0;0;0;0;0;0;0;0;0;0;0;0;0;0;0;0;0,06;0,06;0,06;0,06;0,06;0,06;0,06;0,06;0,06;0,06;0,06;0,06;0,06;0,06;0,06;0,06;0,06;0,06;0;0;0;0;0;0;1
1.4 Project7;Person10;0;0;0;0;0;0;0;0;0;0;0;0;0;0;0;0;0;0;0;0;0;0;0;0;0;0;0;0;0;0;0;0;0;0;0;0;0;0;0;0;0;0;0
2.1 Project8;A PM;0;0;0;0;0;0;0;0;0;0;0;0;0;0;0;0;0;0;0;0;0;0;0;0;0;0;0;0;0;0;0;0;0;0;0;0;0;0;0;0;0;0;A PM
2.1 Project8;Person01;0;0,11;0,11;0,11;0,11;0,11;0,11;0,11;0,11;0,11;0,11;0,11;0,11;0,11;0,11;0,11;0,11;0,11;0,11;0;0;0;0;0;0;0;0;0;0;0;0;0;0;0;0;0;0;0;0;0;0;0;2
2.1 Project8;Person02;0;0;0;0,19;0,19;0,19;0,19;0,19;0,19;0,19;0,19;0,19;0,19;0,19;0,19;0,19;0,19;0,19;0,19;0;0;0;0;0;0;0;0;0;0;0;0;0;0;0;0;0;0;0;0;0;0;0;3
2.1 Project8;Person03;0;0;0;0;0;0;0;0;0;0;0;0;0;0;0;0;0;0;0;0;0;0;0;0;0;0;0;0;0;0;0;0;0;0;0;0;0;0;0;0;0;0;0
2.1 Project8;Person04;0;0,06;0,06;0,06;0,06;0,06;0,06;0,06;0,06;0,06;0,06;0,06;0,06;0,06;0,06;0,06;0,06;0,06;0,06;0;0;0;0;0;0;0;0;0;0;0;0;0;0;0;0;0;0;0;0;0;0;0;1
2.1 Project8;Person05;0;0;0;0,09;0,09;0,09;0,09;0,09;0,09;0,09;0,09;0,09;0,09;0,09;0,09;0,09;0,09;0,09;0,09;0;0;0;0;0;0;0;0;0;0;0;0;0;0;0;0;0;0;0;0;0;0;0;1,5
2.1 Project8;Person06;0;0;0;0;0;0;0;0;0;0;0;0;0;0;0;0;0;0;0;0;0;0;0;0;0;0;0;0;0;0;0;0;0;0;0;0;0;0;0;0;0;0;0
2.1 Project8;Person07;0;0,5;0,5;0,5;0,5;0,5;0,5;0,5;0,5;0,5;0,5;0,5;0,5;0,5;0,5;0,5;0,5;0,5;0,5;0;0;0;0;0;0;0;0;0;0;0;0;0;0;0;0;0;0;0;0;0;0;0;9
2.1 Project8;Person08;0;0;0;0;0;0;0;0;0;0;0;0;0;0;0;0;0;0;0;0;0;0;0;0;0;0;0;0;0;0;0;0;0;0;0;0;0;0;0;0;0;0;0
2.1 Project8;Person09;0;0,06;0,06;0,06;0,06;0,06;0,06;0,06;0,06;0,06;0,06;0,06;0,06;0,06;0,06;0,06;0,06;0,06;0,06;0;0;0;0;0;0;0;0;0;0;0;0;0;0;0;0;0;0;0;0;0;0;0;1
2.1 Project8;Person10;0;0;0;0;0;0;0;0;0;0;0;0;0;0;0;0;0;0;0;0;0;0;0;0;0;0;0;0;0;0;0;0;0;0;0;0;0;0;0;0;0;0;0
2.2 Project9;A PM;0;0;0;0;0;0;0;0;0;0;0;0;0;0;0;0;0;0;0;0;0;0;0;0;0;0;0;0;0;0;0;0;0;0;0;0;0;0;0;0;0;0;A PM
2.2 Project9;Person01;0;0;0;0;0;0;0;0;0;0;0;0;0;0;0;0;0;0;0;0;0;0;0;0;0;0;0;0;0;0;0;0;0;0;0;0;0;0;0;0;0;0;0
2.2 Project9;Person02;0;0;0;0,19;0,19;0,19;0,19;0;0;0;0;0;0;0,19;0,19;0,19;0,19;0,19;0,19;0,19;0,19;0,19;0,19;0,19;0,19;0;0;0;0;0;0;0;0;0;0;0;0;0;0;0;0;0;3
2.2 Project9;Person03;0;0;0;0;0;0;0;0;0;0;0;0;0;0;0;0;0;0;0;0;0;0;0;0;0;0;0;0;0;0;0;0;0;0;0;0;0;0;0;0;0;0;0
2.2 Project9;Person04;0;0,06;0,06;0,06;0,06;0,06;0,06;0;0;0;0;0;0;0,06;0,06;0,06;0,06;0,06;0,06;0,06;0,06;0,06;0,06;0,06;0,06;0;0;0;0;0;0;0;0;0;0;0;0;0;0;0;0;0;1
2.2 Project9;Person05;0;0;0;0,09;0,09;0,09;0,09;0;0;0;0;0;0;0,09;0,09;0,09;0,09;0,09;0,09;0,09;0,09;0,09;0,09;0,09;0,09;0;0;0;0;0;0;0;0;0;0;0;0;0;0;0;0;0;1,5
2.2 Project9;Person06;0;0;0;0;0;0;0;0;0;0;0;0;0;0;0;0;0;0;0;0;0;0;0;0;0;0;0;0;0;0;0;0;0;0;0;0;0;0;0;0;0;0;0
2.2 Project9;Person07;0;0;0;0;0;0;0;0;0;0;0;0;0;0;0;0;0;0;0;0;0;0;0;0;0;0;0;0;0;0;0;0;0;0;0;0;0;0;0;0;0;0;0
2.2 Project9;Person08;0;0;0;0;0;0;0;0;0;0;0;0;0;0;0;0;0;0;0;0;0;0;0;0;0;0;0;0;0;0;0;0;0;0;0;0;0;0;0;0;0;0;0
2.2 Project9;Person09;0;0,06;0,06;0,06;0,06;0,06;0,06;0;0;0;0;0;0;0,06;0,06;0,06;0,06;0,06;0,06;0,06;0,06;0,06;0,06;0,06;0,06;0;0;0;0;0;0;0;0;0;0;0;0;0;0;0;0;0;1
2.2 Project9;Person10;0;0;0;0;0;0;0;0;0;0;0;0;0;0;0;0;0;0;0;0;0;0;0;0;0;0;0;0;0;0;0;0;0;0;0;0;0;0;0;0;0;0;0
2.3 Project10;A PM;0;0;0;0;0;0;0;0;0;0;0;0;0;0;0;0;0;0;0;0;0;0;0;0;0;0;0;0;0;0;0;0;0;0;0;0;0;0;0;0;0;0;A PM
2.3 Project10;Person01;0;0;0;0;0;0;0;0;0;0;0;0;0;0;0;0;0;0;0;0;0;0;0;0;0;0;0;0;0;0;0;0;0;0;0;0;0;0;0;0;0;0;0
2.3 Project10;Person02;0;0;0;0;0;0;0;0;0;0;0;0;0;0;0;0;0;0;0,17;0,17;0,17;0,17;0,17;0,17;0,17;0,17;0,17;0,17;0,17;0,17;0,17;0,17;0,17;0,17;0,17;0,17;0;0;0;0;0;0;3
2.3 Project10;Person03;0;0;0;0;0;0;0;0;0;0;0;0;0;0;0;0;0;0;0;0;0;0;0;0;0;0;0;0;0;0;0;0;0;0;0;0;0;0;0;0;0;0;0
2.3 Project10;Person04;0;0;0;0;0;0;0;0;0;0;0;0;0;0;0;0;0;0;0,06;0,06;0,06;0,06;0,06;0,06;0,06;0,06;0,06;0,06;0,06;0,06;0,06;0,06;0,06;0,06;0,06;0,06;0;0;0;0;0;0;1
2.3 Project10;Person05;0;0;0;0;0;0;0;0;0;0;0;0;0;0;0;0;0;0;0,08;0,08;0,08;0,08;0,08;0,08;0,08;0,08;0,08;0,08;0,08;0,08;0,08;0,08;0,08;0,08;0,08;0,08;0;0;0;0;0;0;1,5
2.3 Project10;Person06;0;0;0;0;0;0;0;0;0;0;0;0;0;0;0;0;0;0;0;0;0;0;0;0;0;0;0;0;0;0;0;0;0;0;0;0;0;0;0;0;0;0;0
2.3 Project10;Person07;0;0;0;0;0;0;0;0;0;0;0;0;0;0;0;0;0;0;0;0;0;0;0;0;0;0;0;0;0;0;0;0;0;0;0;0;0;0;0;0;0;0;0
2.3 Project10;Person08;0;0;0;0;0;0;0;0;0;0;0;0;0;0;0;0;0;0;0;0;0;0;0;0;0;0;0;0;0;0;0;0;0;0;0;0;0;0;0;0;0;0;0
2.3 Project10;Person09;0;0;0;0;0;0;0;0;0;0;0;0;0;0;0;0;0;0;0,06;0,06;0,06;0,06;0,06;0,06;0,06;0,06;0,06;0,06;0,06;0,06;0,06;0,06;0,06;0,06;0,06;0,06;0;0;0;0;0;0;1
2.3 Project10;Person10;0;0;0;0;0;0;0;0;0;0;0;0;0;0;0;0;0;0;0;0;0;0;0;0;0;0;0;0;0;0;0;0;0;0;0;0;0;0;0;0;0;0;0
3.1 Project11;A PM;0;0;0;0;0;0;0;0;0;0;0;0;0;0;0;0;0;0;0;0;0;0;0;0;0;0;0;0;0;0;0;0;0;0;0;0;0;0;0;0;0;0;A PM
3.1 Project11;Person01;0;0;0;0;0;0;0;0;0;0;0;0;0;0;0;0;0;0;0;0;0;0;0;0;0;0;0;0;0;0;0;0;0;0;0;0;0;0;0;0;0;0;0
3.1 Project11;Person02;0;0;0;0;0;0;0,17;0,17;0,17;0,17;0,17;0,17;0,17;0,17;0,17;0,17;0,17;0,17;0,17;0,17;0,17;0,17;0,17;0,17;0;0;0;0;0;0;0;0;0;0;0;0;0;0;0;0;0;0;3
3.1 Project11;Person03;0;0;0;0;0;0;0,17;0,17;0,17;0,17;0,17;0,17;0,17;0,17;0,17;0,17;0,17;0,17;0,17;0,17;0,17;0,17;0,17;0,17;0;0;0;0;0;0;0;0;0;0;0;0;0;0;0;0;0;0;3
3.1 Project11;Person04;0;0;0;0;0;0;0,06;0,06;0,06;0,06;0,06;0,06;0,06;0,06;0,06;0,06;0,06;0,06;0,06;0,06;0,06;0,06;0,06;0,06;0;0;0;0;0;0;0;0;0;0;0;0;0;0;0;0;0;0;1
3.1 Project11;Person05;0;0;0;0;0;0;0;0;0;0;0;0;0;0;0;0;0;0;0;0;0;0;0;0;0;0;0;0;0;0;0;0;0;0;0;0;0;0;0;0;0;0;0
3.1 Project11;Person06;0;0;0;0;0;0;0,5;0,5;0,5;0,5;0,5;0,5;0,5;0,5;0,5;0,5;0,5;0,5;0,5;0,5;0,5;0,5;0,5;0,5;0;0;0;0;0;0;0;0;0;0;0;0;0;0;0;0;0;0;9
3.1 Project11;Person07;0;0;0;0;0;0;0;0;0;0;0;0;0;0;0;0;0;0;0;0;0;0;0;0;0;0;0;0;0;0;0;0;0;0;0;0;0;0;0;0;0;0;0
3.1 Project11;Person08;0;0;0;0;0;0;0;0;0;0;0;0;0;0;0;0;0;0;0;0;0;0;0;0;0;0;0;0;0;0;0;0;0;0;0;0;0;0;0;0;0;0;0
3.1 Project11;Person09;0;0;0;0;0;0;0,06;0,06;0,06;0,06;0,06;0,06;0,06;0,06;0,06;0,06;0,06;0,06;0,06;0,06;0,06;0,06;0,06;0,06;0;0;0;0;0;0;0;0;0;0;0;0;0;0;0;0;0;0;1
3.1 Project11;Person10;0;0;0;0;0;0;0;0;0;0;0;0;0;0;0;0;0;0;0;0;0;0;0;0;0;0;0;0;0;0;0;0;0;0;0;0;0;0;0;0;0;0;0
3.2 Project12;A PM;0;0;0;0;0;0;0;0;0;0;0;0;0;0;0;0;0;0;0;0;0;0;0;0;0;0;0;0;0;0;0;0;0;0;0;0;0;0;0;0;0;0;A PM
3.2 Project12;Person01;0;0;0;0;0;0;0;0;0;0;0;0;0;0;0;0;0;0;0;0;0;0;0;0;0;0;0;0;0;0;0;0;0;0;0;0;0;0;0;0;0;0;0
3.2 Project12;Person02;0;0;0;0;0;0;0;0;0;0;0;0;0;0;0;0;0;0;0;0;0;0;0;0;0,2;0,2;0,2;0,2;0,2;0,2;0,2;0,2;0,2;0,2;0,2;0,2;0,2;0,2;0,2;0;0;0;3
3.2 Project12;Person03;0;0;0;0;0;0;0;0;0;0;0;0;0;0;0;0;0;0;0;0;0;0;0;0;0,2;0,2;0,2;0,2;0,2;0,2;0,2;0,2;0,2;0,2;0,2;0,2;0,2;0,2;0,2;0;0;0;3
3.2 Project12;Person04;0;0;0;0;0;0;0;0;0;0;0;0;0;0;0;0;0;0;0;0;0;0;0;0;0,08;0,08;0,08;0,08;0,08;0,08;0,08;0,08;0,08;0,08;0,08;0,08;0;0;0;0;0;0;1
3.2 Project12;Person05;0;0;0;0;0;0;0;0;0;0;0;0;0;0;0;0;0;0;0;0;0;0;0;0;0;0;0;0;0;0;0;0;0;0;0;0;0;0;0;0;0;0;0
3.2 Project12;Person06;0;0;0;0;0;0;0;0;0;0;0;0;0;0;0;0;0;0;0;0;0;0;0;0;0;0;0;0;0;0;0;0;0;0;0;0;0;0;0;0;0;0;0
3.2 Project12;Person07;0;0;0;0;0;0;0;0;0;0;0;0;0;0;0;0;0;0;0;0;0;0;0;0;0;0;0;0;0;0;0;0;0;0;0;0;0;0;0;0;0;0;0
3.2 Project12;Person08;0;0;0;0;0;0;0;0;0;0;0;0;0;0;0;0;0;0;0;0;0;0;0;0;0;0;0;0;0;0;0;0;0;0;0;0;0;0;0;0;0;0;0
3.2 Project12;Person09;0;0;0;0;0;0;0;0;0;0;0;0;0;0;0;0;0;0;0;0;0;0;0;0;0,06;0,06;0,06;0,06;0,06;0,06;0,06;0,06;0,06;0,06;0,06;0,06;0,06;0,06;0,06;0,06;0,06;0,06;1
3.2 Project12;Person10;0;0;0;0;0;0;0;0;0;0;0;0;0;0;0;0;0;0;0;0;0;0;0;0;0;0;0;0;0;0;0;0;0;0;0;0;0;0;0;0;0;0;0
3.3 Project13;A PM;0;0;0;0;0;0;0;0;0;0;0;0;0;0;0;0;0;0;0;0;0;0;0;0;0;0;0;0;0;0;0;0;0;0;0;0;0;0;0;0;0;0;A PM
3.3 Project13;Person01;0;0;0;0;0;0;0;0;0;0;0;0;0;0;0;0;0;0;0;0;0;0;0;0;0,11;0,11;0,11;0,11;0,11;0,11;0,11;0,11;0,11;0,11;0,11;0,11;0,11;0,11;0,11;0,11;0,11;0,11;2
3.3 Project13;Person02;0;0;0;0;0;0;0;0;0;0;0;0;0;0;0;0;0;0;0;0;0;0;0;0;0;0;0;0;0;0;0;0;0;0;0;0;0;0;0;0;0;0;0
3.3 Project13;Person03;0;0;0;0;0;0;0;0;0;0;0;0;0;0;0;0;0;0;0;0;0;0;0;0;0;0;0;0;0;0;0;0;0;0;0;0;0;0;0;0;0;0;0
3.3 Project13;Person04;0;0;0;0;0;0;0;0;0;0;0;0;0;0;0;0;0;0;0;0;0;0;0;0;0,08;0,08;0,08;0,08;0,08;0,08;0,08;0,08;0,08;0,08;0,08;0,08;0;0;0;0;0;0;1
3.3 Project13;Person05;0;0;0;0;0;0;0;0;0;0;0;0;0;0;0;0;0;0;0;0;0;0;0;0;0;0;0;0;0;0;0;0;0;0;0;0;0;0;0;0;0;0;0
3.3 Project13;Person06;0;0;0;0;0;0;0;0;0;0;0;0;0;0;0;0;0;0;0;0;0;0;0;0;0;0;0;0;0;0;0;0;0;0;0;0;0;0;0;0;0;0;0
3.3 Project13;Person07;0;0;0;0;0;0;0;0;0;0;0;0;0;0;0;0;0;0;0;0;0;0;0;0;0;0;0;0;0;0;0;0;0;0;0;0;0;0;0;0;0;0;0
3.3 Project13;Person08;0;0;0;0;0;0;0;0;0;0;0;0;0;0;0;0;0;0;0;0;0;0;0;0;0;0;0;0;0;0;0;0;0;0;0;0;0;0;0;0;0;0;0
3.3 Project13;Person09;0;0;0;0;0;0;0;0;0;0;0;0;0;0;0;0;0;0;0;0;0;0;0;0;0,06;0,06;0,06;0,06;0,06;0,06;0,06;0,06;0,06;0,06;0,06;0,06;0,06;0,06;0,06;0,06;0,06;0,06;1
3.3 Project13;Person10;0;0;0;0;0;0;0;0;0;0;0;0;0;0;0;0;0;0;0;0;0;0;0;0;0;0;0;0;0;0;0;0;0;0;0;0;0;0;0;0;0;0;0
4.1 Project14;A PM;0;0;0;0;0;0;0;0;0;0;0;0;0;0;0;0;0;0;0;0;0;0;0;0;0;0;0;0;0;0;0;0;0;0;0;0;0;0;0;0;0;0;A PM
4.1 Project14;Person01;0;0,11;0,11;0,11;0,11;0,11;0,11;0,11;0,11;0,11;0,11;0,11;0,11;0,11;0,11;0,11;0,11;0,11;0,11;0;0;0;0;0;0;0;0;0;0;0;0;0;0;0;0;0;0;0;0;0;0;0;2
4.1 Project14;Person02;0;0;0;0;0;0;0;0;0;0;0;0;0;0;0;0;0;0;0;0;0;0;0;0;0;0;0;0;0;0;0;0;0;0;0;0;0;0;0;0;0;0;0
4.1 Project14;Person03;0;0;0;0;0;0;0;0;0;0;0;0;0;0;0;0;0;0;0;0;0;0;0;0;0;0;0;0;0;0;0;0;0;0;0;0;0;0;0;0;0;0;0
4.1 Project14;Person04;0;0,06;0,06;0,06;0,06;0,06;0,06;0,06;0,06;0,06;0,06;0,06;0,06;0,06;0,06;0,06;0,06;0,06;0,06;0;0;0;0;0;0;0;0;0;0;0;0;0;0;0;0;0;0;0;0;0;0;0;1
4.1 Project14;Person05;0;0;0;0;0;0;0;0;0;0;0;0;0;0;0;0;0;0;0;0;0;0;0;0;0;0;0;0;0;0;0;0;0;0;0;0;0;0;0;0;0;0;0
4.1 Project14;Person06;0;0;0;0;0;0;0;0;0;0;0;0;0;0;0;0;0;0;0;0;0;0;0;0;0;0;0;0;0;0;0;0;0;0;0;0;0;0;0;0;0;0;0
4.1 Project14;Person07;0;0;0;0;0;0;0;0;0;0;0;0;0;0;0;0;0;0;0;0;0;0;0;0;0;0;0;0;0;0;0;0;0;0;0;0;0;0;0;0;0;0;0
4.1 Project14;Person08;0;0;0;0;0;0;0;0;0;0;0;0;0;0;0;0;0;0;0;0;0;0;0;0;0;0;0;0;0;0;0;0;0;0;0;0;0;0;0;0;0;0;0
4.1 Project14;Person09;0;0,06;0,06;0,06;0,06;0,06;0,06;0,06;0,06;0,06;0,06;0,06;0,06;0,06;0,06;0,06;0,06;0,06;0,06;0;0;0;0;0;0;0;0;0;0;0;0;0;0;0;0;0;0;0;0;0;0;0;1
4.1 Project14;Person10;0;0;0;0;0;0;0;0;0;0;0;0;0;0;0;0;0;0;0;0;0;0;0;0;0;0;0;0;0;0;0;0;0;0;0;0;0;0;0;0;0;0;0
4.2 Project15;A PM;0;0;0;0;0;0;0;0;0;0;0;0;0;0;0;0;0;0;0;0;0;0;0;0;0;0;0;0;0;0;0;0;0;0;0;0;0;0;0;0;0;0;A PM
4.2 Project15;Person01;0;0;0;0;0;0;0;0;0;0;0;0;0;0;0;0;0;0;0;0;0;0;0;0;0;0;0;0;0;0;0;0;0;0;0;0;0;0;0;0;0;0;0
4.2 Project15;Person02;0;0;0;0;0;0;0;0;0;0;0;0;0;0;0;0;0;0;0;0;0;0;0;0;0;0;0;0;0;0;0;0;0;0;0;0;0;0;0;0;0;0;0
4.2 Project15;Person03;0;0;0;0,08;0,08;0,08;0,08;0,08;0,08;0,08;0,08;0,08;0,08;0,08;0,08;0,08;0,08;0,08;0,08;0,08;0,08;0,08;0,08;0,08;0,08;0,08;0,08;0,08;0,08;0,08;0,08;0,08;0,08;0,08;0,08;0,08;0,08;0,08;0,08;0;0;0;3
4.2 Project15;Person04;0;0,03;0,03;0,03;0,03;0,03;0,03;0,03;0,03;0,03;0,03;0,03;0,03;0,03;0,03;0,03;0,03;0,03;0,03;0,03;0,03;0,03;0,03;0,03;0,03;0,03;0,03;0,03;0,03;0,03;0,03;0,03;0,03;0,03;0,03;0,03;0;0;0;0;0;0;1
4.2 Project15;Person05;0;0;0;0;0;0;0;0;0;0;0;0;0;0;0;0;0;0;0;0;0;0;0;0;0;0;0;0;0;0;0;0;0;0;0;0;0;0;0;0;0;0;0
4.2 Project15;Person06;0;0;0;0;0;0;0;0;0;0;0;0;0;0;0;0;0;0;0;0;0;0;0;0;0;0;0;0;0;0;0;0;0;0;0;0;0;0;0;0;0;0;0
4.2 Project15;Person07;0;0;0;0;0;0;0;0;0;0;0;0;0;0;0;0;0;0;0;0;0;0;0;0;0;0;0;0;0;0;0;0;0;0;0;0;0;0;0;0;0;0;0
4.2 Project15;Person08;0;0,07;0,07;0,07;0,07;0,07;0,07;0,07;0,07;0,07;0,07;0,07;0,07;0,07;0,07;0,07;0,07;0,07;0,07;0,07;0,07;0,07;0,07;0,07;0,07;0,07;0,07;0,07;0,07;0,07;0,07;0,07;0,07;0,07;0,07;0,07;0,07;0,07;0,07;0,07;0,07;0,07;3
4.2 Project15;Person09;0;0,02;0,02;0,02;0,02;0,02;0,02;0,02;0,02;0,02;0,02;0,02;0,02;0,02;0,02;0,02;0,02;0,02;0,02;0,02;0,02;0,02;0,02;0,02;0,02;0,02;0,02;0,02;0,02;0,02;0,02;0,02;0,02;0,02;0,02;0,02;0,02;0,02;0,02;0,02;0,02;0,02;1
4.2 Project15;Person10;0;0;0;0;0;0;0;0;0;0;0;0;0;0;0;0;0;0;0;0;0;0;0;0;0;0;0;0;0;0;0;0;0;0;0;0;0;0;0;0;0;0;0
4.3 Project16;A PM;0;0;0;0;0;0;0;0;0;0;0;0;0;0;0;0;0;0;0;0;0;0;0;0;0;0;0;0;0;0;0;0;0;0;0;0;0;0;0;0;0;0;A PM
4.3 Project16;Person01;0;0;0;0;0;0;0;0;0;0;0;0;0;0;0;0;0;0;0;0;0;0;0;0;0;0;0;0;0;0;0;0;0;0;0;0;0;0;0;0;0;0;0
4.3 Project16;Person02;0;0;0;0;0;0;0;0;0;0;0;0;0;0;0;0;0;0;0;0;0;0;0;0;0;0;0;0;0;0;0;0;0;0;0;0;0;0;0;0;0;0;0
4.3 Project16;Person03;0;0;0;0;0;0;0,17;0,17;0,17;0,17;0,17;0,17;0,17;0,17;0,17;0,17;0,17;0,17;0,17;0,17;0,17;0,17;0,17;0,17;0;0;0;0;0;0;0;0;0;0;0;0;0;0;0;0;0;0;3
4.3 Project16;Person04;0;0;0;0;0;0;0,06;0,06;0,06;0,06;0,06;0,06;0,06;0,06;0,06;0,06;0,06;0,06;0,06;0,06;0,06;0,06;0,06;0,06;0;0;0;0;0;0;0;0;0;0;0;0;0;0;0;0;0;0;1
4.3 Project16;Person05;0;0;0;0;0;0;0,08;0,08;0,08;0,08;0,08;0,08;0,08;0,08;0,08;0,08;0,08;0,08;0,08;0,08;0,08;0,08;0,08;0,08;0;0;0;0;0;0;0;0;0;0;0;0;0;0;0;0;0;0;1,5
4.3 Project16;Person06;0;0;0;0;0;0;0;0;0;0;0;0;0;0;0;0;0;0;0;0;0;0;0;0;0;0;0;0;0;0;0;0;0;0;0;0;0;0;0;0;0;0;0
4.3 Project16;Person07;0;0;0;0;0;0;0;0;0;0;0;0;0;0;0;0;0;0;0;0;0;0;0;0;0;0;0;0;0;0;0;0;0;0;0;0;0;0;0;0;0;0;0
4.3 Project16;Person08;0;0;0;0;0;0;0;0;0;0;0;0;0;0;0;0;0;0;0;0;0;0;0;0;0;0;0;0;0;0;0;0;0;0;0;0;0;0;0;0;0;0;0
4.3 Project16;Person09;0;0;0;0;0;0;0,06;0,06;0,06;0,06;0,06;0,06;0,06;0,06;0,06;0,06;0,06;0,06;0,06;0,06;0,06;0,06;0,06;0,06;0;0;0;0;0;0;0;0;0;0;0;0;0;0;0;0;0;0;1
4.3 Project16;Person10;0;0;0;0;0;0;0;0;0;0;0;0;0;0;0;0;0;0;0;0;0;0;0;0;0;0;0;0;0;0;0;0;0;0;0;0;0;0;0;0;0;0;0
4.4 Project17;A PM;0;0;0;0;0;0;0;0;0;0;0;0;0;0;0;0;0;0;0;0;0;0;0;0;0;0;0;0;0;0;0;0;0;0;0;0;0;0;0;0;0;0;A PM
4.4 Project17;Person01;0;0;0;0;0;0;0;0;0;0;0;0;0;0;0;0;0;0;0,11;0,11;0,11;0,11;0,11;0,11;0,11;0,11;0,11;0,11;0,11;0,11;0,11;0,11;0,11;0,11;0,11;0,11;0;0;0;0;0;0;2
4.4 Project17;Person02;0;0;0;0;0;0;0;0;0;0;0;0;0;0;0;0;0;0;0;0;0;0;0;0;0;0;0;0;0;0;0;0;0;0;0;0;0;0;0;0;0;0;0
4.4 Project17;Person03;0;0;0;0;0;0;0;0;0;0;0;0;0;0;0;0;0;0;0;0;0;0;0;0;0;0;0;0;0;0;0;0;0;0;0;0;0;0;0;0;0;0;0
4.4 Project17;Person04;0;0;0;0;0;0;0;0;0;0;0;0;0;0;0;0;0;0;0,06;0,06;0,06;0,06;0,06;0,06;0,06;0,06;0,06;0,06;0,06;0,06;0,06;0,06;0,06;0,06;0,06;0,06;0;0;0;0;0;0;1
4.4 Project17;Person05;0;0;0;0;0;0;0;0;0;0;0;0;0;0;0;0;0;0;0;0;0;0;0;0;0;0;0;0;0;0;0;0;0;0;0;0;0;0;0;0;0;0;0
4.4 Project17;Person06;0;0;0;0;0;0;0;0;0;0;0;0;0;0;0;0;0;0;0;0;0;0;0;0;0;0;0;0;0;0;0;0;0;0;0;0;0;0;0;0;0;0;0
4.4 Project17;Person07;0;0;0;0;0;0;0;0;0;0;0;0;0;0;0;0;0;0;0;0;0;0;0;0;0;0;0;0;0;0;0;0;0;0;0;0;0;0;0;0;0;0;0
4.4 Project17;Person08;0;0;0;0;0;0;0;0;0;0;0;0;0;0;0;0;0;0;0;0;0;0;0;0;0;0;0;0;0;0;0;0;0;0;0;0;0;0;0;0;0;0;0
4.4 Project17;Person09;0;0;0;0;0;0;0;0;0;0;0;0;0;0;0;0;0;0;0,06;0,06;0,06;0,06;0,06;0,06;0,06;0,06;0,06;0,06;0,06;0,06;0,06;0,06;0,06;0,06;0,06;0,06;0;0;0;0;0;0;1
4.4 Project17;Person10;0;0;0;0;0;0;0;0;0;0;0;0;0;0;0;0;0;0;0;0;0;0;0;0;0;0;0;0;0;0;0;0;0;0;0;0;0;0;0;0;0;0;0
4.5 Project18;A PM;0;0;0;0;0;0;0;0;0;0;0;0;0;0;0;0;0;0;0;0;0;0;0;0;0;0;0;0;0;0;0;0;0;0;0;0;0;0;0;0;0;0;A PM
4.5 Project18;Person01;0;0;0;0;0;0;0;0;0;0;0;0;0;0;0;0;0;0;0;0;0;0;0;0;0,11;0,11;0,11;0,11;0,11;0,11;0,11;0,11;0,11;0,11;0,11;0,11;0,11;0,11;0,11;0,11;0,11;0,11;2
4.5 Project18;Person02;0;0;0;0;0;0;0;0;0;0;0;0;0;0;0;0;0;0;0;0;0;0;0;0;0;0;0;0;0;0;0;0;0;0;0;0;0;0;0;0;0;0;0
4.5 Project18;Person03;0;0;0;0;0;0;0;0;0;0;0;0;0;0;0;0;0;0;0;0;0;0;0;0;0;0;0;0;0;0;0;0;0;0;0;0;0;0;0;0;0;0;0
4.5 Project18;Person04;0;0;0;0;0;0;0;0;0;0;0;0;0;0;0;0;0;0;0;0;0;0;0;0;0,08;0,08;0,08;0,08;0,08;0,08;0,08;0,08;0,08;0,08;0,08;0,08;0;0;0;0;0;0;1
4.5 Project18;Person05;0;0;0;0;0;0;0;0;0;0;0;0;0;0;0;0;0;0;0;0;0;0;0;0;0;0;0;0;0;0;0;0;0;0;0;0;0;0;0;0;0;0;0
4.5 Project18;Person06;0;0;0;0;0;0;0;0;0;0;0;0;0;0;0;0;0;0;0;0;0;0;0;0;0;0;0;0;0;0;0;0;0;0;0;0;0;0;0;0;0;0;0
4.5 Project18;Person07;0;0;0;0;0;0;0;0;0;0;0;0;0;0;0;0;0;0;0;0;0;0;0;0;0;0;0;0;0;0;0;0;0;0;0;0;0;0;0;0;0;0;0
4.5 Project18;Person08;0;0;0;0;0;0;0;0;0;0;0;0;0;0;0;0;0;0;0;0;0;0;0;0;0,17;0,17;0,17;0,17;0,17;0,17;0,17;0,17;0,17;0,17;0,17;0,17;0,17;0,17;0,17;0,17;0,17;0,17;3
4.5 Project18;Person09;0;0;0;0;0;0;0;0;0;0;0;0;0;0;0;0;0;0;0;0;0;0;0;0;0,06;0,06;0,06;0,06;0,06;0,06;0,06;0,06;0,06;0,06;0,06;0,06;0,06;0,06;0,06;0,06;0,06;0,06;1
4.5 Project18;Person10;0,25;0,25;0,25;0,25;0,25;0,25;0,25;0,25;0,25;0,25;0,25;0,25;0;0;0;0;0;0;0;0;0;0;0;0;0;0;0;0;0;0;0;0;0;0;0;0;0;0;0;0;0;0;3
5.1 Project19;A PM;0;0;0;0;0;0;0;0;0;0;0;0;0;0;0;0;0;0;0;0;0;0;0;0;0;0;0;0;0;0;0;0;0;0;0;0;0;0;0;0;0;0;A PM
5.1 Project19;Person01;0;0;0;0;0;0;0;0;0;0;0;0;0;0;0;0;0;0;0;0;0;0;0;0;0;0;0;0;0;0;0;0;0;0;0;0;0;0;0;0;0;0;0
5.1 Project19;Person02;0;0;0;0;0;0;0;0;0;0;0;0;0;0;0;0;0;0;0;0;0;0;0;0;0;0;0;0;0;0;0;0;0;0;0;0;0;0;0;0;0;0;0
5.1 Project19;Person03;0;0;0;0;0;0;0;0;0;0;0;0;0;0;0;0;0;0;0;0;0;0;0;0;0;0;0;0;0;0;0;0;0;0;0;0;0;0;0;0;0;0;0
5.1 Project19;Person04;0;0;0;0;0;0;0;0;0;0;0;0;0;0;0;0;0;0;0;0;0;0;0;0;0;0;0;0;0;0;0;0;0;0;0;0;0;0;0;0;0;0;0
5.1 Project19;Person05;0;0;0;0;0;0;0;0;0;0;0;0;0;0;0;0;0;0;0;0;0;0;0;0;0;0;0;0;0;0;0;0;0;0;0;0;0;0;0;0;0;0;0
5.1 Project19;Person06;0;0;0;0;0;0;0;0;0;0;0;0;0;0;0;0;0;0;0;0;0;0;0;0;0;0;0;0;0;0;0;0;0;0;0;0;0;0;0;0;0;0;0
5.1 Project19;Person07;0;0;0;0;0;0;0;0;0;0;0;0;0;0;0;0;0;0;0;0;0;0;0;0;0;0;0;0;0;0;0;0;0;0;0;0;0;0;0;0;0;0;0
5.1 Project19;Person08;0,04;0,04;0,04;0,04;0,04;0,04;0,04;0,04;0,04;0,04;0,04;0,04;0,04;0,04;0,04;0,04;0,04;0,04;0,04;0,04;0,04;0,04;0,04;0,04;0,04;0,04;0;0;0;0;0;0;0;0;0;0;0;0;0;0;0;0;1
5.1 Project19;Person09;0,04;0,04;0,04;0,04;0,04;0,04;0,04;0,04;0,04;0,04;0,04;0,04;0,04;0,04;0,04;0,04;0,04;0,04;0,04;0,04;0,04;0,04;0,04;0,04;0,04;0,04;0;0;0;0;0;0;0;0;0;0;0;0;0;0;0;0;1
5.1 Project19;Person10;0;0;0;0;0;0;0;0;0;0;0;0;0;0;0;0;0;0;0;0;0;0;0;0;0;0;0;0;0;0;0;0;0;0;0;0;0;0;0;0;0;0;0
5.2 Project20;A PM;0;0;0;0;0;0;0;0;0;0;0;0;0;0;0;0;0;0;0;0;0;0;0;0;0;0;0;0;0;0;0;0;0;0;0;0;0;0;0;0;0;0;A PM
5.2 Project20;Person01;0,02;0,02;0,02;0,02;0,02;0,02;0,02;0,02;0,02;0,02;0,02;0,02;0,02;0,02;0,02;0,02;0,02;0,02;0,02;0,02;0,02;0,02;0,02;0,02;0,02;0,02;0,02;0,02;0,02;0,02;0,02;0,02;0,02;0,02;0,02;0,02;0,02;0,02;0,02;0,02;0,02;0,02;1
5.2 Project20;Person02;0;0;0;0;0;0;0;0;0;0;0;0;0;0;0;0;0;0;0;0;0;0;0;0;0;0;0;0;0;0;0;0;0;0;0;0;0;0;0;0;0;0;0
5.2 Project20;Person03;0;0;0;0;0;0;0;0;0;0;0;0;0;0;0;0;0;0;0;0;0;0;0;0;0;0;0;0;0;0;0;0;0;0;0;0;0;0;0;0;0;0;0
5.2 Project20;Person04;0;0;0;0;0;0;0;0;0;0;0;0;0;0;0;0;0;0;0;0;0;0;0;0;0;0;0;0;0;0;0;0;0;0;0;0;0;0;0;0;0;0;0
5.2 Project20;Person05;0;0;0;0,03;0,03;0,03;0,03;0,03;0,03;0,03;0,03;0,03;0,03;0,03;0,03;0,03;0,03;0,03;0,03;0,03;0,03;0,03;0,03;0,03;0,03;0,03;0,03;0,03;0,03;0,03;0,03;0,03;0,03;0,03;0,03;0,03;0,03;0,03;0,03;0;0;0;1
5.2 Project20;Person06;0;0;0;0;0;0;0;0;0;0;0;0;0;0;0;0;0;0;0;0;0;0;0;0;0;0;0;0;0;0;0;0;0;0;0;0;0;0;0;0;0;0;0
5.2 Project20;Person07;0;0;0;0;0;0;0;0;0;0;0;0;0;0;0;0;0;0;0;0;0;0;0;0;0;0;0;0;0;0;0;0;0;0;0;0;0;0;0;0;0;0;0
5.2 Project20;Person08;0,05;0,05;0,05;0,05;0,05;0,05;0,05;0,05;0,05;0,05;0,05;0,05;0,05;0,05;0,05;0,05;0,05;0,05;0,05;0,05;0,05;0,05;0,05;0,05;0,05;0,05;0,05;0,05;0,05;0,05;0,05;0,05;0,05;0,05;0,05;0,05;0,05;0,05;0,05;0,05;0,05;0,05;2
5.2 Project20;Person09;0,02;0,02;0,02;0,02;0,02;0,02;0,02;0,02;0,02;0,02;0,02;0,02;0,02;0,02;0,02;0,02;0,02;0,02;0,02;0,02;0,02;0,02;0,02;0,02;0,02;0,02;0,02;0,02;0,02;0,02;0,02;0,02;0,02;0,02;0,02;0,02;0,02;0,02;0,02;0,02;0,02;0,02;1
5.2 Project20;Person10;0;0;0;0;0;0;0;0;0;0;0;0;0;0;0;0;0;0;0;0;0;0;0;0;0;0;0;0;0;0;0;0;0;0;0;0;0;0;0;0;0;0;0
5.3 Project21;A PM;0;0;0;0;0;0;0;0;0;0;0;0;0;0;0;0;0;0;0;0;0;0;0;0;0;0;0;0;0;0;0;0;0;0;0;0;0;0;0;0;0;0;A PM
5.3 Project21;Person01;0;0;0;0;0;0;0;0;0;0;0;0;0;0;0;0;0;0;0;0;0;0;0;0;0;0;0;0;0;0;0;0;0;0;0;0;0;0;0;0;0;0;0
5.3 Project21;Person02;0;0;0;0;0;0;0;0;0;0;0;0;0;0;0;0;0;0;0;0;0;0;0;0;0;0;0;0;0;0;0;0;0;0;0;0;0;0;0;0;0;0;0
5.3 Project21;Person03;0;0;0;0;0;0;0;0;0;0;0;0;0;0;0;0;0;0;0;0;0;0;0;0;0;0;0;0;0;0;0;0;0;0;0;0;0;0;0;0;0;0;0
5.3 Project21;Person04;0;0;0;0;0;0;0;0;0;0;0;0;0;0;0;0;0;0;0;0;0;0;0;0;0;0;0;0;0;0;0;0;0;0;0;0;0;0;0;0;0;0;0
5.3 Project21;Person05;0;0;0;0;0;0;0;0;0;0;0;0;0;0;0;0;0;0;0;0;0;0;0;0;0;0;0;0;0;0;0;0;0;0;0;0;0;0;0;0;0;0;0
5.3 Project21;Person06;0;0;0;0;0;0;0;0;0;0;0;0;0;0;0;0;0;0;0;0;0;0;0;0;0;0;0;0;0;0;0;0;0;0;0;0;0;0;0;0;0;0;0
5.3 Project21;Person07;0;0;0;0;0;0;0;0;0;0;0;0;0;0;0;0;0;0;0;0;0;0;0;0;0;0;0;0;0;0;0;0;0;0;0;0;0;0;0;0;0;0;0
5.3 Project21;Person08;0,05;0,05;0,05;0,05;0,05;0,05;0,05;0,05;0,05;0,05;0,05;0,05;0,05;0,05;0,05;0,05;0,05;0,05;0,05;0,05;0,05;0,05;0,05;0,05;0,05;0,05;0,05;0,05;0,05;0,05;0,05;0,05;0,05;0,05;0,05;0,05;0,05;0,05;0,05;0,05;0,05;0,05;2
5.3 Project21;Person09;0,02;0,02;0,02;0,02;0,02;0,02;0,02;0,02;0,02;0,02;0,02;0,02;0,02;0,02;0,02;0,02;0,02;0,02;0,02;0,02;0,02;0,02;0,02;0,02;0,02;0,02;0,02;0,02;0,02;0,02;0,02;0,02;0,02;0,02;0,02;0,02;0,02;0,02;0,02;0,02;0,02;0,02;1
5.3 Project21;Person10;0;0;0;0;0;0;0;0;0;0;0;0;0;0;0;0;0;0;0;0;0;0;0;0;0;0;0;0;0;0;0;0;0;0;0;0;0;0;0;0;0;0;0
5.4 Project22;A PM;0;0;0;0;0;0;0;0;0;0;0;0;0;0;0;0;0;0;0;0;0;0;0;0;0;0;0;0;0;0;0;0;0;0;0;0;0;0;0;0;0;0;A PM
5.4 Project22;Person01;0;0;0;0;0;0;0;0;0;0;0;0;0;0;0;0;0;0;0;0;0;0;0;0;0;0;0;0;0;0;0;0;0;0;0;0;0;0;0;0;0;0;0
5.4 Project22;Person02;0;0;0;0;0;0;0;0;0;0;0;0;0;0;0;0;0;0;0;0;0;0;0;0;0;0;0;0;0;0;0;0;0;0;0;0;0;0;0;0;0;0;0
5.4 Project22;Person03;0;0;0;0;0;0;0;0;0;0;0;0;0;0;0;0;0;0;0;0;0;0;0;0;0;0;0;0;0;0;0;0;0;0;0;0;0;0;0;0;0;0;0
5.4 Project22;Person04;0;0;0;0;0;0;0;0;0;0;0;0;0;0;0;0;0;0;0;0;0;0;0;0;0;0;0;0;0;0;0;0;0;0;0;0;0;0;0;0;0;0;0
5.4 Project22;Person05;0;0;0;0;0;0;0;0;0;0;0;0;0;0;0;0;0;0;0;0;0;0;0;0;0;0;0;0;0;0;0;0;0;0;0;0;0;0;0;0;0;0;0
5.4 Project22;Person06;0;0;0;0;0;0;0;0;0;0;0;0;0;0;0;0;0;0;0;0;0;0;0;0;0;0;0;0;0;0;0;0;0;0;0;0;0;0;0;0;0;0;0
5.4 Project22;Person07;0;0;0;0;0;0;0;0;0;0;0;0;0;0;0;0;0;0;0;0;0;0;0;0;0;0;0;0;0;0;0;0;0;0;0;0;0;0;0;0;0;0;0
5.4 Project22;Person08;0;0;0;0;0;0;0;0;0;0;0;0;0;0;0;0;0;0;0;0,04;0,04;0,04;0,04;0,04;0,04;0,04;0,04;0,04;0,04;0,04;0,04;0,04;0,04;0,04;0,04;0,04;0,04;0,04;0,04;0,04;0,04;0,04;1
5.4 Project22;Person09;0;0;0;0;0;0;0;0;0;0;0;0;0;0;0;0;0;0;0;0,04;0,04;0,04;0,04;0,04;0,04;0,04;0,04;0,04;0,04;0,04;0,04;0,04;0,04;0,04;0,04;0,04;0,04;0,04;0,04;0,04;0,04;0,04;1
5.4 Project22;Person10;0;0;0;0;0;0;0;0;0;0;0;0;0;0;0;0;0;0;0;0;0;0;0;0;0;0;0;0;0;0;0;0;0;0;0;0;0;0;0;0;0;0;0
5.5 Project23;A PM;0;0;0;0;0;0;0;0;0;0;0;0;0;0;0;0;0;0;0;0;0;0;0;0;0;0;0;0;0;0;0;0;0;0;0;0;0;0;0;0;0;0;A PM
5.5 Project23;Person01;0;0;0;0;0;0;0;0;0;0;0;0;0;0;0;0;0;0;0;0;0;0;0;0;0;0;0;0;0;0;0;0;0;0;0;0;0;0;0;0;0;0;0
5.5 Project23;Person02;0;0;0;0;0;0;0;0;0;0;0;0;0;0;0;0;0;0;0;0;0;0;0;0;0;0;0;0;0;0;0;0;0;0;0;0;0;0;0;0;0;0;0
5.5 Project23;Person03;0;0;0;0;0;0;0;0;0;0;0;0;0;0;0;0;0;0;0;0;0;0;0;0;0;0;0;0;0;0;0;0;0;0;0;0;0;0;0;0;0;0;0
5.5 Project23;Person04;0;0;0;0;0;0;0;0;0;0;0;0;0;0;0;0;0;0;0;0;0;0;0;0;0;0;0;0;0;0;0;0;0;0;0;0;0;0;0;0;0;0;0
5.5 Project23;Person05;0;0;0;0;0;0;0;0;0;0;0;0;0;0;0;0;0;0;0;0;0;0;0;0;0;0;0;0;0;0;0;0;0;0;0;0;0;0;0;0;0;0;0
5.5 Project23;Person06;0;0;0;0;0;0;0;0;0;0;0;0;0;0;0;0;0;0;0;0;0;0;0;0;0;0;0;0;0;0;0;0;0;0;0;0;0;0;0;0;0;0;0
5.5 Project23;Person07;0;0;0;0;0;0;0;0;0;0;0;0;0;0;0;0;0;0;0;0;0;0;0;0;0;0;0;0;0;0;0;0;0;0;0;0;0;0;0;0;0;0;0
5.5 Project23;Person08;0;0;0;0;0;0;0;0;0;0;0;0;0;0;0;0;0;0;0;0,04;0,04;0,04;0,04;0,04;0,04;0,04;0,04;0,04;0,04;0,04;0,04;0,04;0,04;0,04;0,04;0,04;0,04;0,04;0,04;0,04;0,04;0,04;1
5.5 Project23;Person09;0;0;0;0;0;0;0;0;0;0;0;0;0;0;0;0;0;0;0;0,04;0,04;0,04;0,04;0,04;0,04;0,04;0,04;0,04;0,04;0,04;0,04;0,04;0,04;0,04;0,04;0,04;0,04;0,04;0,04;0,04;0,04;0,04;1
5.5 Project23;Person10;0;0;0;0;0;0;0;0;0;0;0;0;0;0;0;0;0;0;0;0;0;0;0;0;0;0;0;0;0;0;0;0;0;0;0;0;0;0;0;0;0;0;0